100th day of school,
14th amendment,
20th century,
21st century skills,
abacus,
abductors,
abiotic,
aborgine,
absolute location,
abundance,
abuse,
academic vocabulary,
academics,
accents,
acceptance,
access,
clean water,
accidentes geográficos,
accounting,
acidity,
acoso abusivo,
acrobats,
acrostic,
acrostic poem,
actions,
activities,
activism,
activist,
activity,
adapt,
adaptaciones,
adaptation,
add,
addiction,
adding,
addition,
address,
adejetivos descriptivos,
adeline yen mah,
adinkra,
adjectives,
administrator,
admittance,
adopted country,
aduana,
adulto,
adults,
advancement of technology,
advances,
adverbial phrases,
adverse,
advertisement,
advocacy,
aeropuerto,
aesop,
afghanistan,
africa climate,
africa drums ,
africa flags,
africa games ,
africa natural resources,
africa rivers,
africa trip,
african,
african animals,
african art,
african artifacts,
african cuisine,
african culture,
african cultures,
african desserts ,
african rainforests,
african fairy tales,
african flags,
african folklore,
african herds man,
african homes,
african instruments,
african jungle,
african kings and queens,
african mask,
african mud huts,
african music,
african myth,
african necklaces,
african paper masks,
african safari,
african savannah,
african tale,
african-american history,
africans,
afro-american,
afterlife,
age,
age of exploration,
christopher columbus,
agility,
agricultural methods,
agricultural practices,
agricultural production,
agricultural products,
agriculture,
agrupar,
agua,
agua tierra,
aid,
air,
air pollution,
aisa,
aladdin,
alaska,
albinism,
algebraic expressions,
alike,
all saint's day,
all soul's day,
allah,
allegiance,
alliances,
alliteration,
alpacas,
alphabet,
alphabet book,
alphabet sounds,
alrededor del mundo,
alternative energy,
alumina,
aluminium,
amate bark paintings,
amazon,
amazon rainforest,
ambiente,
america,
america del sur,
america pop music,
american civil war,
american classroom,
american culture,
american folktales,
american foods ,
american football,
american history,
american immigration,
american indian,
american landforms,
american new year,
american pop culture,
american red cross,
american revolution,
american schools,
american way,
amigos,
amphibians,
amusement park,
américa del norte,
analog clock,
analysis,
analyze,
anatomia,
anatomy,
ancestors,
ancestry,
ancient,
ancient civilization,
ancient egypt,
ancient greece,
ancient poetry,
ancient rome,
andes,
angle pairs,
angles,
animal,
animal habitats,
animal cells,
animal ethics,
animal kingdom,
animal life cycle,
animal rights,
animal study,
animal teeth,
animal welfare,
animales,
animales domésticos,
animales salvajes,
african animals,
animals and habitats,
animals differences,
animals habitats,
animals in south america,
animoto,
anne frank,
annual,
answer,
antarctica,
antarctica animals,
anthem,
anthropogenic,
anthropology,
antiquities,
ap calculus,
apartheid,
ap us history,
apartment,
appearance,
apples,
application,
appreciation,
apprentice,
appropriate,
approximation,
apush,
aquarium,
"ar, er, ir verbs",
arab spring,
arabia,
arabian nights,
arabic,
arabic speaking,
arable land,
arañas,
arc de triumph,
archaeologist,
archipelago,
architects,
architectural,
architecture,
arctic,
arctic adaptations,
arctic animals,
arctic regions,
area,
area of a circle,
area perimeter,
arepas,
argentina,
argentina culture,
argentina facts,
argentina flag,
argument,
argumentative,
argumentative writing,
arm,
array method,
arroz,
art careers,
art education,
art elements,
art history,
artic fox,
articles,
artifact,
artificial intelligence,
artist,
artista,
arts and crafts,
arts and humanities,
artwork,
needs and wants,
asado,
asia culture,
asia holidays,
asian animals,
asian cuisine,
asian elephants,
asian landmarks,
asian sports,
assesment,
assumptions,
astronants,
asylum,
asymmetrical,
at the beach,
athens,
athlete,
atlas,
atmosphere,
atomic bomb,
atoms,
atorrado,
attire,
attitude,
attribute,
audience,
aurasma app,
aurora borealis,
australia habitats,
australia idioms,
australia mapping,
australia newton,
australia padlet,
australia,
australian animals,
australian blogs,
australian food,
australian landforms,
australian podcasts,
australian recipes,
australian schools,
austria,
authentic participation,
author,
author study,
author's purpose,
authority,
autism,
autobiography,
autumn,
availability,
avalenche,
average,
aves,
avid,
avion,
avocados ,
awareness,
axis key,
ayudante de comunidad,
ayudar,
aztec,
babies,
babushka,
baby turtles,
babylonian,
bach,
back to school,
background,
backpaking,
bacteria,
bagel,
baghdad,
bagpipes,
bahamas,
bailar,
baile,
balance budget,
balance scale,
balanced,
bald eagle,
balinese temple dress,
ballot,
balls,
banana recipes,
bananas,
band,
banda,
bandwagon,
bangladesh,
bank,
banking,
bar,
bar graph,
barack obama,
barcelona,
barrera coralina,
barter,
basant,
base 10,
baseball,
basic needs,
basketball,
bathroom signs,
batik,
battle,
bauxite,
bays,
beach,
beauty,
pollination,
bee sting,
bee environments,
beethoven,
beginning,
behavior,
bejing cultures,
belgium,
belief,
belize,
belize school,
belonging,
beneficios,
beverage can art,
beyond,
bharathanatyam,
bhutan,
bias,
biblioburro,
bibliography,
bicicleta,
biento,
big,
bilingual education,
bilingualism,
bill of rights,
biodiversity,
biografia,
biographies ,
autobiographies,
biography writing,
biology,
biome,
biomeclimate,
biotechnology,
biotic,
birds,
birth certificate,
birthdate,
birthday,
birthday celebrations,
birthdays traditions,
birthplace,
bitcoin,
biztown,
black beans,
black death,
black history,
black power ,
blended learning,
blizzard,
blocks,
blog,
blog literacy centers,
blogging,
blogging in the classroom,
blogspot,
blubber,
blue,
bodies of water,
body,
body language,
body movement,
body parts,
body system,
bogota,
boko haram,
bolivia,
bolivia land forms,
bolivia salar bandera,
bolivia uyuni bandera,
bollywood,
book,
book club,
book review,
book writing,
boquería market,
border,
born,
borrow,
botoro art space,
boxing day,
boy,
boycott,
braiding,
braille,
brainstorm,
branches of government,
brave,
brazil,
amazon rainforest,
bread,
bread in africa,
breakfast,
bribri,
bridge,
brigadeiros,
british,
brochure,
browser,
brussels,
brussels attacks,
bubble map,
bubonic plague,
buddhism,
budget,
buenos aires,
buenos ciudadanos,
buffet,
building,
bulletin,
bullying,
bumpy,
buoyancy,
burma,
burn,
business,
business entrepreneurship,
business letter,
business plan,
business plans,
businnes,
butterflies,
butterfly,
butterfly life cycle,
buy,
buy and sell,
cacti,
caddos,
cafeteria,
cajas de cartón,
cajon ,
calaveras,
calculate,
calculations,
calculator,
calendar,
calendars,
calentamiento global,
calligraphy,
calor,
calories,
cambio climático,
cambios,
cambodia,
cambodian riel,
camel,
camouflage,
camp,
campaign,
canada,
canadian flag,
canadian music,
canal,
canopy,
canyon,
capacitor,
capitalization,
car design,
carbohydrates,
carbon footprint,
carbs,
cardinal directions,
cardinal points,
cardiovascular system,
career,
career decisions,
career technical education standards,
careers in computers,
caribbean,
caribbean dish,
caring,
carnival,
carnivoro,
carnivorous plants,
carolina shag,
carpentry,
carrascosa uruguay,
carro,
carrying,
cars,
cartoon,
casas,
cast of characters,
cast system,
castle,
catastrophic events,
categorical data,frequencytable
caterpillar,
cathedrals,
catholic,
causation,
cause and effect,
causes,
cedars,
celadon,
celebraciones,
celebración,
celebrate,
celebrating mexico,
celebration,
celebration tradition,
celebrations around the world,
cell phones,
cell theorists,
cells,
celsius,
celtic,
kenya,
cementerio,
center,
centimeters,
central america,
central idea,
centímetros,
ceramics,
cesar chavez,
chad,
challenge,
change,
chanukkah,
chappathi,
character,
character analysis,
character and setting,
character traits,
nelson mandela,
characteristic,
characters,
charging,
charity,
chart,
chat,
chat clay,
chatter pix,
checklist,
cheer,
cheerful,
cheese,
chefs,
chemical and physical properties,
chemical warfare,
chemistry,
chemistry elements,
cherokee,
chicago,
chicken,
chicks,
chief financial officer,
child developmental milestones,
child labor,
children,
children around the world,
children games,dominoes
children poems,
children poetry,
children's games,
children's literature,
chile,
chile culture,
chilean,
chimes,
chimpanzee,
china,
chinese new year,
china water pollution,
china culture,
chinese flag,
chinatown,
chinese,
chinese character,
chinese culture,
chinese immersion,
chinese lion,
chinese name,
chinese new year,
chinese numbers ,
chinese color words,
chinese opera,
chinese reading and writing,
chinese speaking,
chinese traditions,
chinese watercolor,
chinese writing,
chinese zodiac,
chinese numbers,
chocolate,
choice,
chop sticks,
chores,
christianity,
christmas,
christmas around the world,
christmas books,
christmas celebration,
christmas celebrations north america,
christmas culture,
christmas holidays,
christmas in africa,
christmas in australia,
christmas in china,
christmas in chinese,
christmas in colombia,
christmas in mexico,
christmas in the world,
christmas music,
christmas celebrations,
christmas songs,
christmas traditions,
christopher columbus,
chromosomes,
chronological order,
chronological time,
chrysalis,
chrysanthemum,
churches,
ciclo de las plantas,
ciclo de vida,
ciclo del agua,
ciencias,
cinco de mayo,
cinco sentidos,
cinderella,
circle map,
circles,
circuits,
circular communication,
circulatory,
circumference,
circumlocution,
cities,
citizen,
citizenship,
citizenship traits,
city,
city and countryside,
ciudad,
ciudadano,
civil rights,
civil unrest,
civil war,
civilization,
claim,
class activities,
class blog,
class book,
class map,
class poem,
class project,
class skype,
class website,
classical era,
classical music,
classical period,
classification,
classify,
classroom,
classroom behavior,
classroom blogging,
classroom culture,
classroom management,
classroom organization,
classrooms around the world,
classrooms in north america,
clay,
clean water,
cleopatra,
clima,
climate,
climate change,
climate control,
climate in africa,
climates,
close reading,
clothes,
clothing,
clothing and shelter,
cloud pattern,
clouds,
cluster,
co-terminal angles,
co2,
coal,
coastal,
coastal plains,
coat of arms,
cobra,
coding,
coffee,
coffee belt,
cognates,
coins,
cold,
cold climate sports,
cold war,
collaborate,
collaboration,
collage,
collect data,
collection,
collective,
collectivism,
individualism,
collectivistic,
college,
colombia,
colombia schools,
colombian,
colonial housing,
colonial period,
colonial times,
colonialism,
colonists,
colonization,
colonization of america,
color,
color and culture,
color chinese,
color meaning,
color mixing,
colores,
coloring,
colors,
columbian exchange,
columbus day,
comer,
comic,
comic strip,
comida,
comida y cultura,
comidas,
comidas del mundo,
commands,
commerce,
commercial,
community helpers,
commodities,
commodity,
common,
common core,
common core state standards,
common laws rules,
common traits,
communicable diseases,
communicate,
communication,
communication norms,
communication styles,
greece,
communism,
democracy,
communities,
communities venn diagram,
community,
community behavior,
community geography,
community helpers,
community leaders,
community life,
community mapping,
community social studies,
community workers,
company,
comparar,
comparative adjectives,
comparative government,
comparative investigation,
comparative language,
compare,
compare and contrast,
compare and contrast characters,
compare and contrast classrooms,
compare and contrast flags,
compare and contrast schools,
compare and order,
compare cultures,
compare flags,
compare music ,
grizzly bears,
koala bear,
compare and contrast school life ,
compare and contrast traditions,
comparing,
comparing and contrasting animals,
comparing and contrasting fairy tales,
comparing and contrasting masks,
comparing asian and american animals,
comparing asian cinderella versions,
comparing classrooms,
comparing decimals,
comparing flags,
comparing fractions,
comparing numbers,
comparing schools,
comparing symbols,
comparing texts,
comparing traditions,
comparing weather,
comparing weather types,
comparing taller and shorter,
comparison,
contrast,
comparisons,
compartir,
compass,
compass rose,
compelling picture,
compensatory education,
competencia,
competition,
compliments,
components,
compose,
composer,
composing,
decomposing numbers,
composite,
composition,
compost,
compostar,
compound,
comprehension,
compromise,
computer,
computer keyboard,
computer technology,
computers,
comunicar,
comunidad,
conclusions,
condensation,
conditional tense,
conditions,
conduction,
conductors,
confederate flag,
confidential,
conflict,
confucius,
conga dance,
congo,
conjunctions,
connect,
connected,
connecting,
connection,
connections,
conserve,
conserving,
natural resources,
constellations,
constitution,
construct,
construction,
consumer,
consumption,
contamination,
contar,
contest,
continent,
continente,
continents,
contrast,
contrastar,
contrasting,
controversial issues,
convection,
conversation,
conversion,
converting money,
cook,
cookie,
cookie exchange,
cooking,
cool colors,
coop,
cooperation,
cooperative learning,
coordinates,
coral,
coral reef ,
coriander,
corn,
corps of discovery,
correlation,
correspondence,
cosecha,
cosmos,
cost,
cost of living,
costa rica,
costa rica flags,
costa rica volcano,
costos,
costumbres,
costume,
countdown breathing,
counting,
counting forward,
counting in spanish,
counting money,
countries,
continents,
countries temperature climate,
country,
country of origin,
country project,
coup d'etat,
courage,
cowbird,
coyote,
craft activity,
crafts,
crawl,
create,
creative writing,
creativity,
crece,
crecemos,
crecer,
crecimiento,
creek,
cricket,
crime,
crisálida,
cristántemo,
crisis,
critical thinking,
chronological order,
crops,
cross cultural investigation,
cross-cultural,
crosscultural investigation,
crosscultural understanding,
crowdfunding,
crown,
crucible,
crude oil,
cte standards,
cuba,
cuban cinderella,
cuerpo,
cuidar,
cuisine,
cultura,
cultural,
cultural acceptance,
cultural art,
cultural artifacts,
cultural assimilation,
cultural awareness,
cultural beliefs,
cultural celebration,
cultural comparison,
cultural competence,
cultural components,
cultural connotations,
customs and traditions,
cultural dependency,
cultural difference,
cultural dimensions,
cultural differences and similarities,
cultural diner,
cultural diversity,
cultural dressings,
cultural events,
cultural exchange,
cultural fair,
cultural fairy tales,
cultural festivals,
cultural food,
cultural geography,
cultural graphing,
cultural heritage,
cultural heritage maps,
cultural holidays,
cultural iceberg,
cultural math,
cultural music,
cultural narrative,
cultural norms,
cultural picture graph,
cultural practices,
cultural regions,
cultural relevance of math,
cultural respect,
cultural resumes,
cultural roots,
cultural songs,
cultural games,
cultural study,
cultural traditions,
celebrations,
cultural traits,
culturally aware,
culture,
culture and diversity,
culture and heritage,
culture climate,
culture coat of arms,
culture differences,
culture heritage,
culture in the classroom,
culture in pe class,
culture names,
culture norms,
culture o-dive,
culture of students,
culture test,
culture traditions,
cumbia ,
currency,
currency exchange rate,
currency money,
currency money exchange,
current events,
currents,
curriculum,
custom,
customary system,
customary units,
customs,
cyberbullying,
cybersafety,
cycle,
cycles,
cyclical events,
daily,
daily life,
daily living,
dance,
dancehall,
dances,
dancing,
dark ages,
darwin,
data,
data analysis,
data collection,
data handling,
data intervals,
data mapping,
date,
dates,
david alfaro siqueiros,
day,
day and night,
day in the life,
day of the dead,
day of the virgin,
day time,
death mask,
debate,
december,
decimal,
decimal place value,
decimals,
decision making,
declaration of independence,
decompose,
decomposer,
decorating eggs,
decorations,
definite articles,
deforestation,
degree,
degrees,
degrees celsius,
degrees farenheit,
dehydration,
delicioso,
deltas,
demand,
democracy,
demographics,
demonstrate,
demonstrative adjectives,
denominator,
density,
density of ocean,
dentist,
dependence,
deportes,
derby,
desarrollo,
describe,
describing,
describing animals,
describir,
descriptions,
descriptive adjectives,
descriptive writing,
desert,
desert plants,
design,
design challenge,
design process,
despotism,
desserts,
destination,
destino,
destiny,
destrezas,
desventajas,
detail,
details,
detective,
determining traits,
developed,
developing,
developing countries,
developing country,
developing nations,
self-awareness,
development,
developmental needs,
dia de los meurtos,
dia de los reyes,
diabetes,
diagnose,
dialect,
dialogos,
dialogue,
diameter,
diary of anne frank,
dias de fiesta,
dictator,
dictatorship,
diction,
dictionary,
didactic activity,
diego rivera,
diet,
dietary needs,
diferencias,
difference,
differences,
similarities,
differences in schools,
different,
different cultures,
different currency,
different folks,
different homes,
differentiation,
digestive,
digestive system,
digit,
digital,
digital books,
digital citizenship,
digital clock,
digital collage,
digital divide,
digital education,
digital footprint,
digital learning,
digital media,
digital photography,
digital poster,
digital scrapbooks,
digital storytelling,
digits,
dilate,
dime,
dimensions,
diner,
dinero,
dinner,
diorama,
diplomacy,
direct communication,
direct object pronouns,
direct objects,
directions,
disabilities,
disadvantages,
disagree,
disaster preparedness,
disasters,
discovering,
discovery,
discretion,
discrimination,
discussion,
disease,
diseases,
dish,
dislikes,
disminución,
displaced person,
dispositions,
disrespect,
distance,
distance calculator,
distance in kilometers,
distribution,
district,
diurnal,
diverse,
diverse backgrounds,
diverse biomes,
diversidad,
diversity,
diverstiy,
divide,
division,
divorce,
diwali,
diwali india,
dna,
dna models,
doctor,
doing cultures,
doler,
dollar,
domestic,
domestic animals,
dominican republic,
dominos,
donar,
donate,
dot painting,
dot plot,
doubles,
down,
drafting,
dragon,
dragons,
drama,
dramatic arts,
draw conclusions,
drawing,
drawing conclusions,
dream act,
dream world,
dreams,
dreamtime,
dribbling,
drinking water,
drought,
drum,
drums,
dry land farming,
dual langauge,
dual language,
dual language immersion,
dubai,
dublin regulation,
duke ellington,
duty,
dwelling,
dwellings,
dynamic,
dynamics,
dysentery,
día de los muertos,
día de los muertos,
e-mail pals,
e-mail writing,
e-pals,
e-waste,
early childhood education,
earth,
earth astronomy,
earth day,
earth impact,
earth rotation,
earth science,
earth structures,
earthquake,
earthquakes,
east,
east africa,
east asia,
eastern canada,
eastern folk music,
eastern music,
eating,
eating disorders,
ebola,
ecological,
ecology,
economic,
economic dependence,
economic dependency,
economic depression,
economic interdependency,
economic levels,
economic resources,
economic system,
economic systems,
economics,
economy,
ecosistema,
ecosystem,
ecosystems,
ecuador,
edible,
edmodo,
educacion,
education,
education access,
education equity,
education funding,
education system,
educational change,
educational games,
educational systems,
effects,
eggs,
egypt,
egyptian,
egyptian flag,
eiffel tower,
el agua,
el clima,
el dia de los muertos,
el dia de los reyes magos,
el doctor,
el estado del tiempo,
el futuro del indicativo,
el hombre es de la tierra,
el mitón,
el nino,
el perfil de la luna,
el planeta,
el pretérito,
el punto,
el salvador,
el salvador flag,
el sujeto,
el predicado,
eleanor roosevelt,
elect,
election,
elections,
electoral,
electoral college,
electric heaters,
electricity,
electromagnetic waves,
electromagnetism,
electron,
electron configuration,
electronic,
elementary,
elementary music,
elementary schools,
elements,
elements of a story,
elements of art,
elevation,
elie wiesel,
ella fitzgerald,
ellis island,
email,
emailing,
emerge,
emigracion,
emigrare,
emigrate,
emigration,
emissions,
emoji,
emotional response,
empathy,
emperor penguins,
empresarios,
enchiladas mexican,
encyclopedia,
end of the school year,
endangered,
endangered animals,
endangered species,
endurance,
energy,
energy policy,
energy transfer,
energy usage,
enfermedad,
enfermedades,
engineer,
engineering,
engineering design process,
england,
english,
english language arts,
english numbers,
entrepreneur,
entrepreneurs,
entrepreneurship,
environment,
environmental,
environmental challenges,
environmental effects,
environmental health,
environmental issues,
environmental problem,
environmental risks,
environmental science,
environmental systems,
water resources africa,
epals,
epics,
epidemics,
equal,
equal parts,
equal shares,
equality,
equations,
equator,
equiano,
distribution of resources,
equity,
equivalent fractions,
ernest and celestine,
erosion,
escritura,
escritura descriptiva,
escuela,
esl,
esl strategies,
español e ingles,
esperanza rising,
esqueleto,
essay,
essay writing,
essential standards,
estaciones,
estado,
estados unidos,
estar,
estimate,
estuary,
estudios sociales,
etching,
ethics,
ethiopia,
ethnic,
ethnic foods,
ethnic groups,
ethnic identity,
ethnicity,
ethnicity and race,
ethnocentric,
ethopia,
etiquette,
etymology,
eu,
euro,
euro zone,
europa,
europe,
europe oral tradition,
europe spain,
world war II,
european,
european art,
european country,
european environmental issues,
european exploration,
european immigration,
european inventors,
european landmarks ,
european leaders,
renewable energy project,
european union,
europopmusic,
euros,
euros money,
eurozone,
evaluate,
evaporation,
even,
evidence,
evoking change,
excavating,
exceptional education,
exchange,
exchange rates,
exchanges,
exercise,
exhale,
exile,
expense,
expenses,
experiment,
expert,
explain,
explanatory text,
explanatory texts,
exploitation,
exploration,
explore,
explorers,
exponential,
exponential regression,
export,
exports,
expository,
expository text,
expository writing,
express,
expressions,
expressive communication,
expressive singing,
external,
extraordinary animals,
extraordinary people,
extreme sports,
extreme temperature,
eyes,
fable,
fables,
face painting,
facetime,
facial proportions,
fact,
fact family,
facts,
facts about france,
facts and details,
facts and opinion,
animals kwl chart,
fahrenheit,
fair,
fair and unfair,
fair trade,
fairy tales,
fairytales,
faith,
fall,
fall harvest,
fame,
familia,
familias,
families,
families around the world,
families celebrations,
family,
family biography,
family coat of arms,
family crest,
family culture,
family differences,
family helper,
family heritage,
family history,
family holiday traditions,
family members,
family planning,
family portraits,
family roots,
family traditions,
family tree,
family values,
famine,
famous,
african americans,
famous americans,
famous artist,
famous artists,
famous chefs,
european monuments,
europen landmarks,
famous places,
fantastic festivals,
far,
farm animals,
farming,
fastest animals,
father,
faucet,
federal law,
federalism,
feel,
feelings,
feliz navidad,
fellowship,
female,
female education,
femininity,
fesitival of lights,
festival,
festivals,
festividades,
festivity,
fiction,
fiction and non fiction,
field day,
field trip,
fiesta,
fifty states,
figuras,
figurative language,
figures,
fiji,
fiji flag,
fiji food,
fiji money ,
filial,
filipino,
film,
film reviews,
filter,
fin de año,
financial aid,
financial institutions,
financial literacy,
financial plan,
fine arts,
finite resources,
finland,
fire,
fire station,
firefighter,
firefighters,
fireworks,
first aid,
first nations,
fish,
fishing ,
hunting,
fitness in america,
five,
five pillars of islam,
five senses,
flag,
flag history,
flags,
flashcard,
flat stanley,
flavor,
flint,
flip,
flipchart,
flipped learning,
flood,
flooding,
floods,
droughts,
floor hockey,
flor,
flor de nochebuena,
flora,
flores,
flow,
flow chart,
flow map,
flowers,
flu,
fluency,
flyers,
fog and haze,
foil,
foldable,
folk,
folk art,
folk culture,
folk dance,
folk music,
folk song,
folk songs,
folklore,
folktales,
food,
food and culture,
food and nutrition,
food around the world,
food availability,
food chain,
food chains,
food drive,
food groups,
food preparation,
food pyramid,
food safety,
food shelters,
food shortages,
food transportation,
foods,
foods around the world,
foods of cuba,
football,
footprint,
footprint social media,
force,
force and motion,
force and motion,
push or a pull,
forces,
forces and motion,
forecast,
forehand swing and overhead,
foreign currency,
foreign investment,
foreign trade,
foreing languages,
forest life,
form,
forma desarrollada,
forma estandar,
forma pictorial,
forms of address,
formal commands,
formative assesment,
forms of government,
fossil fuels,
fossils,
fotosínthesis,
four,
four seasons,
fraction,
fraction strips,
fractions,
fractions of europe,
frame,
framework,
france,
france culture,
francia,
francisco jiménez,
frederick douglass,
free baseball,
free kick,
free time,
free trade,
free verse,
freedom,
french,
french gardens,
french revolution,
frequency tables,
fresh water,
freshwater,
friction,
frida kahlo,
friend,
friends,
friendship,
frijol,
fritters,
frogs,
front,
fruit,
fruits,
fruits spanish,
fun,
fun shapes,
function,
funding,
fundraising,
furniture ,
futbol,
future,
future tense,
fábulas,
gabriela mistral,
galette,
galápagos,
gambia,
game,
games,
games global,
games research,
gandhi,
garbage,
garden styles,
gardening,
gardens,
garment,
garment workers,
gary soto,
gas,
gas price,
gas tax rate,
gdp,
geishas,
geometric figures,
gender,
gender equality,
gender of nouns,
gender roles,
genealogy,
generate,
genes,
genetics,
genocide,
genogram,
genre,
geografia,
geographer,
geographic,
geographic position,
geographical features,
geographical locations,
geographical terms,
geography,
geoliteracy,
geometric shapes,
geometric solids,
geometry,
george washington,
german folktale,
germany,
germination,
gestures,
ghana,
ghandi,
giant panda,
giants,
gifted,
gifts,
gigantes,
gilded age,
ginger,
gingerbread,
gingerbread boy,
gingerbread house,
gingerbread man,
girls,
girls' access to education around the world,
girls' education,
giving back,
giving opinions,
giving thanks,
giving to others,
glaciers,
gloal learning,
global,
global activity,
global art,
global awareness,
global buddies,
global celebrations,
global challenges,
global citizen,
global classroom,
global classrooms,
global climate change,
global collaboration,
global competence,
global competence indicators,
global competenency,
global connections,
global corner,
global crisis,
global diets,
global economy,
global education,
global environment,
global extreme weather,
global food,
global garden,
global gardening,
global geography,
global health,
global impact,
global innovation,
global instruments,
global interdependence,
global inventions,
global issues,
global learner,
global learning,
global lesson,
global literacy,
global markets,
global nonviolent leaders,
global opportunity index,
global passports,
global pe,
global perspectives,
global poems,
global politics,
global project,
global ready,
global relia,
global relief,
global resume,
global rock formations,
global scholars,
global self awarenss,
global society,
global solutions,
global studies,
global travel,
global trends,
global visual literacy,
global warming,
global water,
global water crisis,
global weather,
global wind patterns,
global writing prompt,
global celebrations,
global education,
globalization,
globe,
globes,
maps,
glyph,
go green,
goalie,
goals,
going global,
gold,
golden rule,
gondola,
gong,
good citizens,
good morning,
goods,
goods and services,
google,
google chat,
google classroom,
google docs,
google drive,
google hangouts,
google earth,
google logo,
google maps,
google survey,
google talk,
google tools,
goosechase,
gorillas,
gourd,
government,
government leader,
government leaders,
government systems,
government types,
governments,
grade,
graffiti,
grains,
grammar,
grandparents,
graph,
graphic,
graphic design,
graphic organizer,
graphing,
graphs,
grasshopper,
grassland,
grasslands,
gravity,
great barrier reef,
great depression,
great tombs,
great wall of china,
greater syria,
greater than,
greece,
greek,
greek roots,
green,
green architecture,
green city,
green city project,
green house effect,
green jobs,
green movement,
greenhouse effect,
greeting,
greetings,
grenada,
grid map,
groceries,
gross profit,
groundhog,
groundhog day,
group presentation,
groups,
grow,
growing seasons,
growth,
growth mindset,
grupos,
guatemala,
guest speaker,
guided reading,
guillotine,
guinea pig,
guitar,
guitarra,
gulag,
gulf war,
gun debate,
gustar,
gustos,
guten tag,
guy fawkes day,
gymnastics,
habilidades,
habitat,
hablemos,
haiku,
haiti,
halloween,
halves,
hamburgers,
hand gestures,
hand shaking,
hand washing,
handicrafts,
handshakes,
hansel y gretel,
hanukkah,
hanukkah christmas,
happy birthday traditions,
hardship,
harlem,
harry potter,
harvest,
harvest holiday,
harvest moon,
hats,
hawaii,
head,
head coverings,
health,
health care,
health education,
health risks,
healthcare,
healthy,
healthy earth,
healthy eating,
healthy food,
healthy foods,
healthy life,
healthy plates,
heat energy,
heat transfer,
heath issues,
heifer international,
height,
helicoptero,
hello,
help,
helpers,
helpful,
helping others,
hemisferio,
hemisphere,
hemispheres,
hen,
henna,
herbivoro,
heredity,
herencia cultural,
heritage,
heritage,
hierarchy,
hieroglyphics,
high school,
higher education,
higher order thinking,
hijab,
hills,
himalayas,
hindi,
hinduism,
hip flexors,
hispanic,
hispanic celebrations,
hispanic costumes,
hispanic culture,
doing culture,
being culture,
hispanic heritage,
hispanic heritage celebration,
hispanic music,
hispanic restaurant,
histogram,
historia,
historic,
historical,
historical events,
historical figures,
historical patterns,
historical revolutions,
history,
history of money,
history of speed,
hitler,
hiv aids,
hobbies,
hobby,
hola,
holiday celebrations,
holiday customs,
holiday symbols,
holiday traditions,
holidays,
holistic care,
halloween,
hollywood,
holocaust,
holt,
hombre,
home,
home country,
home life,
home state,
homeless,
homes,
homeschooling,
honduras,
honest,
honesty,
honey,
honor,
hop,
horario,
horses,
hospital,
hosseini,
hour,
house,
household,
houses,
houses around the world,
housing,
houston,
hub,
human adaptation,
human beings,
human body,
human geography,
human habitats,
human homes,
human needs,
human resources,
human rights,
human slavery,
human environment interaction,
humanitarian,
humanitarian aid,
humans,
humility,
hundred,
hungary,
hunger,
hunger crisis,
hunger in africa,
hunger project,
hunger,
hungry,
hungry ghost festival,
hunts,
huppa,
hurricane,
hydro power,
hydrology,
hydrosphere,
hygiene,
hypothesis,
hábitat natural,
ice cream,
ice fishing,
ice hockey,
ice breakers,
ideas,
identity,
idioms,
igloo,
igual,
diferente,
ilearn,
illiteracy,
illness,
illustrations,
illustrator,
images,
imagination,
immersion,
immigrant,
immigrant crisis,
immigrants,
immigrate,
immigration,
immigration migrant crisis,
immunization,
imperfect,
imperfect tense,
imperialism,
impersonal expressions,
import,
imported,
importing,
imports,
inca,
inca road,
incas,
inches,
income,
incubator,
indefinite adjectives,
indefinite articles,
independence,
independence day,
independent reading,
india,
india classrooms,
india diwali,
india mandala,
indian,
indian culture,
indian tribes,
indian wars,
indians,
indicators,
indigenous,
indigenous culture,
indigenous people,
indirect communication,
indirect measurement,
indirect object pronouns,
indirect objects,
individual,
individual behavior,
individual rights,
individualism,
collectivism,
individualistic,
indonesia,
indonesian music,
inductivism,
industrial revolution,
industrialism,
industrialization,
industry,
inequalities,
inequality,
inequity,
inference,
inferencing,
infinitive,
influences,
influencia,
infographic,
information,
information and technology,
information technology,
informational text,
informational writing,
informative texts,
informative writing,
infrastructure,
ingles,
ingredients,
inhale,
inhibit,
injustice,
ink wash,
innovation,
inquiry,
insects,
instagram,
instruments,
insulators,
integration,
intense cold,
intense heat,
interactive maps,
intercultural,
intercultural communication,
intercultural competence,
interdependence,
interdisciplinary,
interest rate,
interesting laws,
intergration,
internally displaced people,
international,
international aid,
international business,
international conservation,
international cuisine,
international currency,
international day,
international day of peace,
international dot day,
international fest,
international foods,
international organizations,
international relations,
international rules,
international schools,
international society for technology in education,
international space station,
international trade,
internet,
internet access,
internet availability,
internet community,
internet host,
internet research,
internet safety,
internet usage,
internment camps,
interpersonal,
interpret,
interpreting data,
interview,
interviewing,
intolerance,
introduction,
introductions,
invention,
inventions,
world records,
inventors,
invest,
investigate,
investigation,
iot (internet of things),
ipad,
ipads,
iran,
iraq,
iraq food recipe culture,
iraq government,
iraq weather,
iraqi,
ireland,
irish,
irish culture,
irish food,
irrigation,
isis,
isis terrorists,
islam,
islamophobia,
islands,
israel,
iste,
international society for technology in education standards,
italian christmas,
italian christmas traditions,
italian culture,
italian food,
italy,
italy architecture,
italy landforms,
jaguar,
jakarta,
jamaica,
jamaican flag,
jamestown,
japan,
japan earthquake,
japan school days,
japanese,
japanese art,
japanese cherry blossom festival,
japanese classroom,
japanese kids,
japanese weather patterns,
jazz,
jewish,
jigsaw activity,
jingle writing,
jobs,
jordan,
jorge el curioso,
josé clemente orozco,
journal,
journal writing,
journalism,
journey,
judaism,
judge,
judgement,
juegos olimpicos,
jueves,
julia Álvarez,
jump,
jumping jacks,
jumprope,
justice,
kente cloth,
kentucky,
kenya,
key,
key details,
keyboards,
keynote,
keystone xl oil pipeline,
kibungo,
kid blogging,
kid entrepreneurs,
kids around the world,
kidsblog,
kilometers,
kilt,
kinara,
kind,
kindergarten,
kindness,
kinetic energy,
king tut,
kitchen tools,
kite festival,
kite fight festival,
kites,
kiva,
klei brazil,
knowledge,
kolter,
koran,
korea,
korean cinderella,
korean war,
kuna,
kuna tribe,
kwanzaa,
kwanzaa thanksgiving,
kwl,
kwl chart,
la artesanía,
la befana,
la comida,
la competencia,
la confiture,
la diversidad,
la herencia biológica,
la huella de carbono,
la nina,
la raspa,
la temperatura,
la tierra,
labor laws,
lagos,
lake,
land,
land features,
land formations,
land pollution,
landforms,
landlocked,
landmark,
landmarks,
landscape,
landscapes,
language,
language analysis,
language arts,
language domains,
language immersion,
languages,
lanscape,
laptop,
large,
larva,
las americas,
las estaciones,
las lentes protectoras,
las oraciones simples y compuestas,
las plantas,
las posadas,
latin,
latin america,
latin american communities,
latin dance,
latin foods,
latin america,
latitude,
laughter,
laurie jacobs,
lavarse,
law,
law enforcement,
laws,
layers,
leader,
leaders,
leadership,
league of nations,
learning objectives,
learning styles,
learning targets,
lebanon,
lectura,
lectura de numeros,
ledger,
left,
left behind,
leg,
legacy,
legend,
legislative hearing,
legos,
legs,
leisure,
lemonade,
lender,
lending,
length,
leo,
leo the late bloomer,
leonardo da vinci,
leprechaun,
les cornichons,
less than,
letra,
letras,
letter,
letter writing,
letters,
leveled reading,
levers,
lewis and clark,
libertad,
library,
libya,
sonia sotomayor,
life,
life cycle,
life cycle of a butterfly ,
life cycle of a penguin,
life cycle of the plants,
life cycles,
life cycles butterfly,
life cycles of organism,
life in the jungle,
life roles,
life-cycle,
life-lesson,
lifestyle,
lifting,
light,
light reflection,
light refraction,
light source,
lighter,
lightning,
lil rabbit's kwanzaa,
lima,
lincoln,
line dance,
line graph,
line graphs,
line plot,
linea ecuatorial,
linear communication,
linear function,
linear models,
linear regression,
lines,
lion,
liquids,
literacy,
literacy circle,
literacy issues,
literacy rotations,
literary genres,
literary non fiction,
literature,
liters,
little book,
little red hen,
little red riding hood,
living things,
non-living things,
living conditions,
living cycles,
living organism,
living things,
lizard,
llama,
llegada de año nuevo,
loan,
local,
locate,
location,
loch ness monster,
locomotive movement,
london,
lone star,
longfellow whale tales,
longitude,
lorax,
los adjetivos demonstrativos,
los adjetivos indefinidos,
los angeles,
los animales,
los animales y el clima,
los cambios ,
los colores de mi bandera,
los ninos en latin america,
los seres humanos,
los seres vivos,
los tres cerditos,
los tres reyes magos,
loss of jobs,
lost at sea,
lost boys,
louisiana,
love,
loy krathong,
ludwig van beethoven,
lunar chinese new year,
lunch,
lunch box,
maasai tribe,
machu picchu,
macromolecules,
macy's parade,
madagascsar,
magnetism,
magnets,
mahatma gandhi ,
mail,
main character,
main idea,
main idea and details,
major landmarks,
major religions,
majority,
minority,
making inferences,
malala,
malaria,
malawi,
malaysia,
male,
turtles,
male education,
mali,
malnutrition,
mama miti,
mamifero,
mamiferos,
mammals,
man-made,
mancala,
mandala,
mandarin,
mandela,
manners,
manufacturing,
many uses,
map,
map key,
map keys,
map skills,
mapa,
maple leaf,
mapping,
mapping and data,
mapping programs,
mapping skills,
maps,
maps and globes,
marathon,
maravillas,
marbled paper,
marbles,
maria martinez,
mariachi,
marine,
mariposas monarca,
market,
market economy,
marketing,
marketplace,
martes,
martin luther king,
martin luther king jr.,
masai,
masai tribe,
mascotas,
mask,
mass,
matematicas,
matemática,
materia,
materiales,
materials,
math,
math activity,
number systems,
math graphs,
math mountain,
math number system,
math perimeter,
mathematicians,
mathematics,
matisse,
matter,
maya,
maya ruins,
mayan,
mayan headdress,
mayor que,
mccarthyism,
me on the map,
meals,
meals across the world,
mean and standard deviation,
meaning,
means of communication,
means of transport,
measles,
measure,
measurement with tools,
measurements,
measures,
media,
media literacy,
medical treatment,
medicina,
medicine,
medición,
medieval europe,
medio ambiente,
mega city,
mejorar,
melody,
melting pot,
members,
memes,
memoir,
memorial day,
memory lane,
memory project,
menor que,
menus,
merry christmas,
mesopotamia,
mestizaje,
metamorphosis,
metaphor,
meteorologist,
meters,
metric,
metric system,
metric units,
mexican,
mexican culture,
mexican foods,
mexican heritage,
mexican tag game,
mexican traditions,
mexico art,
mexico city,
mexico culture,
mexico flags,
mexico school,
mexico ,
mi vida,
michelangelo,
microfinance,
microfinance lending,
microfinance plans,
microlending,
microloans,
microsoft,
middle,
middle ages,
european plague,
middle east,
middle grades,
middle passage,
middle school,
migrant,
migrant workers,
migrate,
migration,
militia,
million,
mind map,
mindfulness,
mindset,
minecraft,
minecraft place value,
minerals,
mining,
minorities,
minority health care,
minuscula,
minute,
mitten,
mixtures,
miércoles,
mlk,
mockingbird,
mode of transportation,
model,
model united nations,
models,
modern day pilgrims,
modern medicine,
modern slavery,
traditional medicine,
modern structures,
modes of expression,
modes of transportation,
moldova,
momentum,
monarch butterfly,
monarchy,
monday,
monetary values,
money,
money conversion,
monochronic,
monsoons,
montana,
monuments,
moon,
moon festival,
moon phases,
moon system,
morals,
moravian star,
more,
more or less,
morning meeting,
morning routines,
morning work,
moroccan fairy tales,
moroccan rugs,
morocco,
mortality rate,
mosaic art,
mosaics,
mother,
mother's day ,
motion,
motivational math,
motor sports,
mototaxi,
mount everest,
mount fuji,
mountain animals,
mountains,
move,
movement,
movement in art,
movimiento,
mozambique,
mozart,
mubaarak,
mud cloth,
muertos,
muhammad yunus,
multi-cultural,
multi-meaning words,
multicultural,
multicultural fair,
multicultural festival,
multiculturalism,
multiculture,
multilingual,
multimedia,
multiple literacy,
multiplication,
addition,
multiply,
mummies,
mundial,
mundo,
mural,
muscles,
museum artifacts,
music,
music concepts,
music game songs,
music genres,
music instrument,
musical games,
musical instruments,
muslim refugees,
muslim women,
muslims,
my body,
my city,
my classroom,
my community,
my continent,
my country of origin,
my family,
my five senses,
my friends,
my home,
my house,
my landforms,
my neighborhood,
my place in the world,
my senses,
my toys,
myanmar,
myself,
mystery skype,
myth,
mythology,
myths,
más,
música,
nae nae,
nafta,
name,
names,
narrative,
nation,
national,
national anthems,
national career and technical education standards,
national grieving,
national holidays,
national social studies standards,
national standards for social studies,
nationalism,
nationality,
native,
native american,
native american in north carolina,
native american pottery,
native americans,
native language,
nativism,
natural,
natural conditions,
natural disasters,
natural environment,
natural gians,
natural habitat,
natural hazards,
natural resources,
natural sciences,
natural sources of water,
natural wonders,
naturaleza,
natural resources,
nature,
nauru cultural density,
navidad,
nc,
nc civil rights,
nc history,
nc poverty,
nea foundation,
nea global,
near,
necesidades,
needs,
needs and wants,
negative,
negative results,
neighborhood,
neighborhoods,
neighbors,
nelson mandela,
nepal,
net profit,
netherlands,
netizen,
neutron,
new computer technology,
new immigrants,
new mexico,
new year,
new zealand,
newfoundland,
news page,
news report,
newsletter,
newspaper,
newton,
newton's laws of gravity,
next generation science standards,
nicaragua,
nickel,
nicolás guillé,
nigeria,
nigerian homes.,
nile river,
nobel peace prize,
nobel prize,
noche,
noise pollution,
nomad,
non fiction,
non living,
non-communicable diseases,
non-fiction,
non-living,
non-point source,
non-renewable resources,
non-standard unit,
non-violent,
nonarable land,
none,
nonfiction,
nonliving,
nonverbal communication,
noodles,
normal distribution,
norms,
norteno,
north,
north africa,
north america,
north carolina,
north carolina essential standards,
northern canada,
northern lights,
northwest canada,
nose,
nosotros,
notre dame,
nouns,
november,
now and then,
nuclear chemistry,
nuestras tradiciones,
number in chinese,
number recognition,
number system,
number the stars,
numbers,
numerals,
numerator,
numerical expression,
numero,
nurse,
little jack horne,
nutcracker,
nutrition,
nutritious,
nutritious healthy,
ny times,
números,
o sifuni mungu,
o-dive,
obese,
obesidad,
obesity,
obesity rates,
objectives,
observe,
occupation,
ocean,
oceania,
oceanic species,
oceans,
october,
odd,
odive,
officer,
oil,
oil spill,
petroleum,
oklahoma,
old,
oligarchy,
olympics,
one,
one child rule,
ones,
online catalog,
online discussions,
online etiquette,
online learning,
online publishing,
online research,
online safety,
online timelines,
op-ed,
open source,
operations,
opinion,
point of view,
opinion piece,
opinion writing,
opportunities,
opportunity cost,
oppression,
oraciones,
oral,
oral description,
oral language,
oral presentation,
oral traditions,
order,
order of operations,
ordering,
ordinal numbers,
organ donation,
organic,
organism,
organization,
organos,
organs,
origami,
origin,
origins,
ornament,
osmosis,
other,
otoño,
our,
outbreak,
outer space,
outlier,
outline,
outsourcing,
oviparous,
oxcart wheel,
ozone layer,
p21,
p21 standards,
21st century skills,
pace,
painters,
painting,
pair and share,
pais,
paises,
pakistan,
palastine,
pamphlet,
panama,
panda,
pandemic,
panflute,
pangaea,
papalote,
papel picado,
paper,
paper clips,
paper doll,
paper plate,
paper-cutting,
papua new guinea,
par,
parade,
parallel circuit,
parallel lines,
parecido,
paris,
paris france,
parish,
parliament,
parrot,
partes de las plantas,
partes de los números,
partiarchal,
partition,
partnerships,
parts of a letter,
parts of a plant,
parts of speech,
parts to make 10,
party,
pasaporte,
passing,
passive voice,
passports,
past,
past continuous,
pasta,
paterns,
pathogen,
patience,
patrilineal,
patriotic,
patriotism,
patron saint,
patterns,
pbi,
pbl,
pe,
peace,
peace corps,
peace day,
peace dove,
peace gathering,
peace walk,
peace week,
peacekeepers,
pedometers,
pee dee culture,
peggy herald,
peking opera,
pele,
penguins,
peninsula,
penny,
penpal,
pentagon,
people,
people needs,
per capita,
percent,
percentages,
perception,
percussion,
perdometer,
perfect square,
performance,
performing arts,
perimeter,
periodic table,
periodicity of elements,
periods,
persecution,
perseverance,
person of the year,
personajes,
personal narrative,
personal pronouns,
personality,
perspective,
persuadir,
persuasion,
persuasive essay,
peru,
perímetro,
pesos,
pet,
petroleum,
pets,
pharaoh,
phases,
phenomena,
philanthropy,
philiadephia,
philippines,
philosophy,
photograph,
photography,
photos,
photosynthesis,
phrasing,
physical,
physical characteristics,
physical education,
physical environment,
physical exercise,
physical features,
physical geography,
physical map,
physical properties,
physical science,
physical traits,
physics,
pi,
pi day,
piano,
pictograph,
picture,
picture graph,
pictures,
pie,
pilgrims,
pilot,
pintor,
pinwheel,
pinyin,
piramide,
pita,
pitch,
pizza,
piñata,
place,
place de la concorde,
place of origin,
place value,
places,
plains,
plan,
plane,
planet,
planning,
plant,
plant cells,
plant life cycle,
plant needs,
plant parts,
planta,
plantando semillas,
plantas,
plantation farming,
plants,
plastic,
plate tectonics,
plateaus,
play,
playground,
plays,
pledge,
pledge of allegiance,
plot,
plum blossoms,
plus,
plutocracy,
pochahontas,
podcast,
poder,
poem,
poesía,
poetess,
poetry,
point of view,
pointsetta,
poland,
polar animals,
polar bears,
polar express,
polar regions,
police,
police station,
policeman,
policia,
policies,
policy,
politeness,
political,
political map,
political systems,
politics,
pollination,
polychronic,
polygon,
pond,
poor economy,
pop culture,
pop music,
pop-up stories,
popular culture,
popular music,
popular vote,
population,
portrait,
portuguese,
posadas,
positional words,
positive,
positive results,
possessive adjectives,
postcard,
postcivil war,
poster,
pottery,
pounds,
poverty,
power,
power distance,
powerpoint,
precipitation,
prediction,
suffix,
prefix ,
prefixes,
prejudice,
prepositions,
preschool,
preschool teachers,
prescription,
present,
present perfect,
present perfect subjunctive,
present progressive,
present tense,
present,
past tense,
preservar,
preserve,
president,
president's day,
presidential election,
presidents,
preterite,
prezi,
prices,
pricing,
pride,
primary sources,
secondary sources,
primary education,
primary grades,
primary source,
primavera,
prime,
primero,
principles and elements of art,
print,
printer,
prior knowledge,
probability,
problem-solving,
problemas ambientales,
procedures,
process,
procession,
produce,
producer,
producers,
professions,
profit,
project,
project rubric,
project-based learning,
projectbased inquiry,
propaganda,
proper nouns,
properties,
properties of matter,
properties of soil,
property,
prophet,
proportion,
proteins,
protest,
protocol,
proton,
province,
proximity,
public education,
public library,
public officials,
publish,
pueblo,
puerto rico,
pull,
pumpkin,
punctuality,
punctuation,
puppets,
push,
push and pull factors,
puzzle,
pyramids,
pythagorean theorem,
quadratic formula,
quadrilateral,
quadrilaterals,
quantities,
quarter,
queen,
queen elizabeth,
querer,
question,
quilt,
quimicos,
quinceanera,
race,
racism,
radius,
rain condition,
rainfall,
rainforests,
ramadan,
ramps,
rate of change,
rate of natural increase,
ratio,
razon,
raíz,
reader's theater,
reading,
reading comprehension,
rebellion,
reciclaje,
reciclar,
recipes,
rectangle,
recursos,
recycle,
red,
red cross,
red riding hood,
reflexive verbs,
refraction,
refugees,
reggae,
regions of the world,
reglas.,
regular verbs,
relative pronouns,
religion,
remittance,
renaissance,
renewable energy,
replica,
represent and interpret data,
representative,
reproducción,
reproduce,
reproduction,
republic,
resources,
quality of life,
respect,
responsibility,
restaurant,
restaurante,
resume,
reuniones familiares,
reusar,
reuse,
revising,
revolt,
revolution,
rhetoric,
rhymes,
rhyming,
rhythm,
rice,
rides,
right,
right angle,
right triangle,
rites,
rituals,
river,
robots,
rocks,
roles,
roman numerals,
roman republic,
romania,
rome,
romulus and remus,
roosevelt,
root,
rosa parks,
rotación,
rotate,
rotation,
round,
round robin,
rounding,
routines,
rugby,
rugs,
rules,
rural,
rwanda,
saber,
sacagawea,
sacred,
safety,
safety feature,
safety lessons,
sahara,
saint george,
saint lawrence,
salem witch trials,
sales,
salon de clases,
saltwater,
salty,
salud,
saludable,
salutation,
salutations,
same,
same and different,
sand,
sandwich,
sanitation,
sanitation issues,
santa,
santa claus,
satellites,
savanna,
save,
save a document,
save the penguins,
save the planet,
saving,
saving the world,
savings,
scale,
scale drawings,
scarce,
scarcity,
scatter plots,
scavenger hunt,
scenery,
schedule,
scholarships,
school,
school community,
school day,
school differences,
school environment,
school lunches,
school routines,
school rules,
school supply lists,
schools,
science,
science experiment,
scientific contributions,
scientific investigations,
scientific method,
scientific notation,
scientific process,
scientific research,
scientific,
scientist,
scientists,
scones,
scotland,
scrolls,
search,
season and weather,
seasonal changes,
seasonal patterns,
seasons,
seattle,
secondary,
sect,
secuencias,
security,
security council,
see,
seed,
seedling,
segregation,
self,
self esteem,
self evaluation,
self portraits,
self-control,
self-discipline,
self-portraits,
self-help,
sell,
semantic,
semester,
semillas,
senate,
senses,
sensitivity,
sensory language,
sentence frame,
sentence structure,
sentidos,
sentir,
sequence,
sequencing,
sequential order,
ser,
ser and estar,
seres humanos,
seres vivos,
series circuit,
serve,
server,
service project,
services,
setting,
severe,
severe flooding,
severe weather,
shade,
shadow,
shadows,
shallow,
shamrocks,
shanghai,
shape,
shapes,
share,
sharia,
sharing,
sharks,
sheep farm,
shell shock,
shelter,
shoeboxes,
shoes,
shopping,
short,
short stories,
shoulder,
show-and-tell,
shuttle,
significance,
signs,
silverback,
simbolo,
similes,
similarities and differences,
similitudes,
simple and compound sentences,
simple machines,
simplify,
simulation,
role play,
sing,
singapore math,
singing,
singles,
sinkhole,
sinks,
sistine chapel,
site,
size,
sizes,
skills,
skin,
skin color,
skip,
skip counting,
skit,
skulls,
sky,
skype,
slave trade,
slavery,
slide,
smart,
smell,
smog,
smuggle,
snack foods,
snacks,
snails,
snakes,
snow,
snow storm,
snowflakes,
snowman,
snowpack,
soccer,
soccer heritage,
soccer world cup,
social,
social activism,
social and emotional skills,
social change,
social conditions,
social entreprenuership,
social greetings,
social issues,
social justice,
social location,
social media,
social movements,
social networking,
social problems,
social sciences,
social studies,
social studies texas,
social units,
socialism,
societal conditions,
society,
socioeconomic,
socratic seminar,
soil,
sol,
solar,
solar engery,
solar system,
soleado,
solid,
solution,
solutions,
somalia,
sombrero,
song,
sort,
sorting,
sorting shapes,
sound,
sound energy,
sounds,
soups,
sources,
sources of water,
south,
south africa,
south america,
south america music,
south american art,
south american continent,
south carolina,
south korea,
south sudan,
southwest united states,
soviet union,
space,
space race,
space science,
space shuttle,
space technology,
spaceship,
spain,
spanish,
spanish countries,
spanish heritage,
spanish immersion,
spanish language,
spanish language arts,
spanish literacy,
spatial,
speak,
speaking skills,
special,
special education,
special needs,
special occasions,
special olympics,
right triangles,
species,
speech,
speech therapy,
speed,
spend,
sphinx,
spiders,
spinners,
sport rules,
sports,
spring,
spring break,
sputnik,
square,
square foot,
sri lanka,
st lucia,
st. basil's cathedral,
st. patrick’s day,
stability,
staff engagement,
stained glass,
standard,
standard algorithm,
standard chinese,
standard notation,
standard of living,
standards,
star spangled banner,
state,
state song,
staten island ferry,
states,
states of matter,
statistics,
stds,
steady beat,
stem,
stem and leaf plot,
stem cells,
stem changing verbs,
stereotyping,
stock exchange,
stocking,
stonehenge,
stories,
storms,
story,
story elements,
story retell,
story time,
storyboard,
storytelling,
strategies,
stream,
strength training,
strikes,
stripes,
structure,
structures,
struggle,
stuck,
student blog,
student activity,
student collaboration,
student culture,
student government,
student reflections,
student workbook,
students,
study,
study abroad,
stuffing,
subject,
predicate,
subjunctive,
subtle,
subtraction,
suburban,
sudan,
sudanese civil war,
suffixes,
suffrage,
sugar,
sugar skulls,
suicide,
sum,
sumas,
summarize,
summarizing,
summary,
summer,
summer olympics,
sun,
sun energy,
solar,
sundial,
superlatives,
supermarket,
supplies,
supply,
supply and demand,
supporting details,
surface area,
surplus,
surprise,
survey,
survival,
survive,
surviving,
sushi,
suspension bridge,
sustainability,
sustainable,
swahili,
swap,
sweatshops,
sweden,
switzerland,
sydney,
syllables,
symbol,
symbolism,
symmetrical,
symmetry,
syncopation,
syria,
syrian,
syrian refugee,
system,
t-chart,
tablas,
table,
tacos,
taiga,
taiwan,
tales,
tall,
tall tale,
tallo,
tally chart,
tally marks,
tamales,
tanzania,
taoism,
tapestry,
tariff,
task,
taste,
tattle,
tattling,
teacher,
teacher resource,
technological advances,
search,
technology,
technology applications,
technology changes,
technology development,
technology in schools,
technology integration,
technology tools,
technology use,
tecnología,
teen pregnancy,
tejano,
teks,
telecenter,
teleconferencing,
telescope,
television broadcast,
telling time,
temperature,
template,
temples,
ten,
ten frame,
tener,
tener que,
tennis,
tens,
terrarium,
territory,
terror,
terrorism,
terrorist attacks,
terrorist groups,
tessellations,
test,
texas,
texas flag,
texas flower,
texas history,
text,
text evidence,
text features,
text formatting,
textiles,
texto,
texture,
thai language,
thailand,
thankfulness,
thanksgiving,
thanksgiving celebration,
thanksgiving dinner,
thanksgiving traditions,
the andrew sisters,
the arctic,
the bahamas,
the faces of migration,
the great escape,
the great pyramids,
the great wall of china,
the house on mango street,
the thirteen colonies,
the universe,
the water cycle,
el ciclo del agua,
theater,
theatre,
theme,
theocracy,
theodore island,
theodore taylor,
theory of knowledge,
thermal energy,
thermometer,
things,
think,
think global and act local,
thinking maps,
third,
third-world,
thousands,
threats,
three kings' day,
three little pigs,
thrifty,
thunder,
thundercake,
tibet,
tides,
tiempo,
tienda,
tiger,
time and place,
time for kids,
time line,
time periods,
time,
timetables,
tint,
title,
title ix,
to be a good citizen,
to kill a mockingbird,
tokyo,
tolerance,
tombs,
tone,
tools,
tooth,
tortilla,
tortugas,
total,
totem pole,
toucan,
touch,
tour,
tourism,
tourist attractions,
tourist documents,
tower of pisa,
hurricanes,
tornadoes,
trade,
trade agreement,
trade balance,
trade patterns,
trade route,
tradiciones,
trading,
tradition,
traditional,
traditional celebrations,
traditional clothing,
traditional holiday celebrations,
traditional literature,
traditional stories,
traditions,
traffic signs,
trailer home,
train trip,
traits,
transform,
transformation,
transition,
translate,
translating,
transport,
transportation,
transporte,
trash,
traslación,
travel,
travel abroad,
travel brochure,
travelers,
traveling ,
treatment,
treaty,
tree,
trench warfare,
trends,
tren,
triangle,
tribal,
tribe,
trip,
trolley,
tropical cyclones,
tropical rainforest,
trust,
try,
tsunami,
tu,
tubano drum,
tubo de ensayo,
tulips,
tundra,
tuning,
tunisia,
turban,
tourist attractions,
turkey,
turkeys,
turkia,
turmoil,
turtle,
turtle island,
tuvalu,
twitter,
two,
two dimensional shapes,
two column charts,
types of biomes,
typing,
typography,
típica,
us rivers,
us capital,
us landforms,
usa,
usted ,
tú,
uganda,
uk,
ukraine,
un,
un sustainable development,
underdeveloped,
understanding,
undiscovered,
undocumented immigrant,
unemployment,
unhealthy,
unidades,
uniforms,
unique,
unir,
unit conversion,
unit lesson,
unit price,
unit rate,
united kingdom,
united nations,
united states government,
united states of america,
units,
universal,
universal human rights,
universal measurement system,
university,
updated,
upload,
uprising,
urban areas,
urban community,
urban development,
urban,
rural,
urbanization,
uruguay,
us branches of government,
us civil war,
us constitution,
us culture,
us education,
usa,
usa dollar,
usage,
usain bolt,
utensils,
vaca,
vacation,
vacation sites,
vacations,
vaccinations,
vaccine,
validate,
valleys,
valores,
value system,
van gogh sunflowers,
variables,
variación,
vegetables,
vegetales,
veils,
venezuela,
venn diagram,
ventajas,
venture,
venus fly trap,
verano,
verbs,
version,
vertebrados,
vertebrates,
veterans day,
veterinarian,
vibrant,
vibrations,
victim,
video chat,
video interview,
video journal,
videochat,
videoconference,
videos,
vietnam,
vietnam war,
vietnamese american,
viewpoints,
vif,
vif global competence indicators,
virgin islands,
virtual,
virtual fieldtrip,
virtual tour,
virtual travel,
virtual zoo,
virus,
virus influenza,
visible,
visitar,
visual,
visual aid,
visual arts,
visual interpretation,
visual literacy,
vladimir putin,
vocabulary,
vocabulary games,
vocal,
voice,
voicethread,
volcano,
volcanoes,
volley,
volume,
volunteer,
volunteers,
vote,
voting,
voting rights,
war,
warming,
warp,
washington monument,
waste,
waste water,
water,
water crisis,
water cycle,
water distribution,
water footprint usage,
water forms,
water issues,
water pollution,
water quality,
water safety,
water scarcity,
water,
hydroelectricity,
waterfalls,
waterforms,
watersheds,
wave energy,
wax museum,
ways of transportation,
weather forecast,
weather graph,
weather north america,
weather pattern,
weather changes,
web,
web chat,
web interface,
webcam,
webpage,
webquest,
website,
weight,
western music,
westward expansion,
wetland,
white house,
whole numbers,
wida standards,
wikis,
wild animals,
wildlife,
wind,
wind energy,
windmill energy,
winter celebrations,
winter holidays,
winter,
witch doctor,
wolves,
women,
women's education,
women's rights,
women's suffrage,
wonders,
wood,
word study,
work,
work values,
worker,
working conditions,
workplace,
world biomes,
world celebrations,
world cultures,
world cup,
world economies,
world health,
world heritage sites,
world history,
world holidays,
world hunger,
world languages,
world leaders,
world literature,
world maps,
world music,
world population,
world record,
world regions,
world religions,
world rhino day,
world sports,
world trade,
world war 1,
world war 2,
world water crisis,
world wide web,
world winter festivals,
world wonders,
world.,
worldmap,
yeh shen,
zoo,
único,
一,
二,
三,
四,
五,
六,
七,
八,
九,
十,
红色,
黄色,
你,
谢谢,
对不起,
没关系,
不客气,
再见,
你好,
同学们,
你好吗,
我很好,
谢谢,
扑/伞/冲浪/舟/沙/海边/海/沙滩/贝壳/海星,
请， ,
你好,
谢谢,
对不起,
再见,